SKU Code,Shape,Diamond Size(Round) mm,Diamond Count(Round),Diamond Size(Princes) mm,Diamond Count(Princes),Diamond Size(Cushion) mm,Diamond Count(Cushion),Diamond Size(Oval) mm,Diamond Count(Oval),Diamond Size(Emerald) mm,Diamond Count(Emerald),Diamond Size(Radiant) mm,Diamond Count(Radiant),Diamond size (Asscher) mm,Diamond count (Asscher),Diamond Size(Heart) mm,Diamond Count(Heart),Diamond Size(Marquise) mm,Diamond Count(Marquise),Diamond Size(Pear) mm,Diamond Count(Pear),Length,Width,Diamond Wt,Volume,Casting wt.,Reduction,18KT wt.(Gm)
S R-19001(0.50),Round,5.1,1.0,,,,,,,,,,,,,,,,,,,21.03,5.2,0.51,232.96,3.657472,0.7314944,2.9259776
,,,,,,,,,,,,,,,,,,,,,,,,,,,,
S R-19001(1.00),Round,6.4,1.0,,,,,,,,,,,,,,,,,,,21.11,6.4,0.98,241.32,3.7887239999999998,0.7577448,3.0309792
,,,,,,,,,,,,,,,,,,,,,,,,,,,,
S R-19001(1.50),Round,7.3,1.0,,,,,,,,,,,,,,,,,,,21.1,7.3,1.44,256.24,4.022968,0.8045936,3.2183743999999996
,,,,,,,,,,,,,,,,,,,,,,,,,,,,
S R-19001(2.00),Round,8.0,1.0,,,,,,,,,,,,,,,,,,,21.1,8.07,1.92,270.97,4.2542290000000005,0.8508458000000001,3.4033832000000004
,,,,,,,,,,,,,,,,,,,,,,,,,,,,
S R-19002(0.50),Princess,,,4.4,1.0,,,,,,,,,,,,,,,,,21.1,4.49,0.55,233.64,3.6681479999999995,0.7336296,2.9345183999999995
,,,,,,,,,,,,,,,,,,,,,,,,,,,,
S R-19002(1.00),Princess,,,5.5,1.0,,,,,,,,,,,,,,,,,21.1,5.58,1.04,250.78,3.9372459999999996,0.7874492,3.1497968
,,,,,,,,,,,,,,,,,,,,,,,,,,,,
S R-19002(1.50),Princess,,,6.5,1.0,,,,,,,,,,,,,,,,,21.1,6.53,1.72,270.29,4.243553,0.8487106000000001,3.3948424000000004
,,,,,,,,,,,,,,,,,,,,,,,,,,,,
,,,,,,,,,,,,,,,,,,,,,,,,,,,,
S R-19002(2.00),Princess,,,7.0,1.0,,,,,,,,,,,,,,,,,21.1,7.0,2.15,284.87,4.472459,0.8944918,3.5779672
,,,,,,,,,,,,,,,,,,,,,,,,,,,,
S R-19003(0.50),Cushion,,,,,4.9,1.0,,,,,,,,,,,,,,,21.1,5.07,0.62,233.7,3.6690899999999993,0.7338179999999999,2.9352719999999994
,,,,,,,,,,,,,,,,,,,,,,,,,,,,
S R-19003(1.00),Cushion,,,,,5.5,1.0,,,,,,,,,,,,,,,21.1,5.07,0.86,242.12,3.801284,0.7602568000000001,3.0410272
,,,,,,,,,,,,,,,,,,,,,,,,,,,,
S R-19003(1.50),Cushion,,,,,6.5,1.0,,,,,,,,,,,,,,,21.1,6.53,1.42,258.3,4.0553099999999995,0.811062,3.244248
,,,,,,,,,,,,,,,,,,,,,,,,,,,,
S R-19003(2.00),Cushion,,,,,7.0,1.0,,,,,,,,,,,,,,,21.1,7.0,1.78,268.48,4.215136,0.8430272000000001,3.3721088000000004
,,,,,,,,,,,,,,,,,,,,,,,,,,,,
S R-19004(0.50),Oval,,,,,,,6 * 4,1.0,,,,,,,,,,,,,21.1,6.01,0.36,231.98,3.6420859999999995,0.7284172,2.9136687999999995
,,,,,,,,,,,,,,,,,,,,,,,,,,,,
S R-19004(1.00),Oval,,,,,,,7.7 * 5.7,1.0,,,,,,,,,,,,,21.1,7.7,0.91,240.63,3.7778909999999994,0.7555782,3.0223127999999995
,,,,,,,,,,,,,,,,,,,,,,,,,,,,
S R-19004(1.50),Oval,,,,,,,8.5 * 6.5,1.0,,,,,,,,,,,,,21.1,8.5,1.36,252.88,3.9702159999999997,0.7940432,3.1761728
,,,,,,,,,,,,,,,,,,,,,,,,,,,,
S R-19004(2.00),Oval,,,,,,,9 * 7,1.0,,,,,,,,,,,,,21.1,9.0,1.67,258.51,4.058606999999999,0.8117213999999999,3.2468855999999997
,,,,,,,,,,,,,,,,,,,,,,,,,,,,
S R-19005(0.50),Emerald,,,,,,,,,6 * 4,1.0,,,,,,,,,,,21.1,6.05,0.56,231.3,3.63141,0.726282,2.905128
,,,,,,,,,,,,,,,,,,,,,,,,,,,,
S R-19005(1.00),Emerald,,,,,,,,,7 * 5,1.0,,,,,,,,,,,21.1,7.12,1.02,243.52,3.823264,0.7646528,3.0586112
,,,,,,,,,,,,,,,,,,,,,,,,,,,,
S R-19005(1.50),Emerald,,,,,,,,,7.5 * 5.5,1.0,,,,,,,,,,,21.1,7.5,1.33,254.51,3.9958069999999997,0.7991614,3.1966455999999996
,,,,,,,,,,,,,,,,,,,,,,,,,,,,
S R-19005(2.00),Emerald,,,,,,,,,8.5 * 6.5,1.0,,,,,,,,,,,21.1,8.5,2.1,272.04,4.271028,0.8542056000000001,3.4168224
,,,,,,,,,,,,,,,,,,,,,,,,,,,,
S R-19006(0.50),Asscher,,,,,,,,,,,,,4.5,1.0,,,,,,,21.1,4.69,0.46,231.0,3.6266999999999996,0.72534,2.9013599999999995
,,,,,,,,,,,,,,,,,,,,,,,,,,,,
S R-19006(1.00),Asscher,,,,,,,,,,,,,5.5,1.0,,,,,,,21.1,5.57,0.85,238.87,3.750259,0.7500518,3.0002071999999997
,,,,,,,,,,,,,,,,,,,,,,,,,,,,
S R-19006(1.50),Asscher,,,,,,,,,,,,,6.5,1.0,,,,,,,21.1,6.72,1.4,258.33,4.055781,0.8111562,3.2446247999999995
,,,,,,,,,,,,,,,,,,,,,,,,,,,,
S R-19006(2.00),Asscher,,,,,,,,,,,,,7.0,1.0,,,,,,,21.1,7.1,1.75,270.58,4.248105999999999,0.8496211999999999,3.3984847999999994
,,,,,,,,,,,,,,,,,,,,,,,,,,,,
S R-19007(0.50),Radiant,,,,,,,,,,,6 * 4,1.0,,,,,,,,,21.1,6.04,0.66,234.68,3.6844759999999996,0.7368952,2.9475808
,,,,,,,,,,,,,,,,,,,,,,,,,,,,
S R-19007(1.00),Radiant,,,,,,,,,,,7 * 5,1.0,,,,,,,,,21.1,7.0,1.21,245.05,3.847285,0.7694570000000001,3.077828
,,,,,,,,,,,,,,,,,,,,,,,,,,,,
S R-19007(1.50),Radiant,,,,,,,,,,,7.5 * 5.8,1.0,,,,,,,,,21.1,7.5,1.65,252.58,3.965506,0.7931012000000001,3.1724048
,,,,,,,,,,,,,,,,,,,,,,,,,,,,
S R-19007(2.00),Radiant,,,,,,,,,,,8 * 6,1.0,,,,,,,,,21.1,8.15,1.98,274.4,4.3080799999999995,0.8616159999999999,3.4464639999999997
,,,,,,,,,,,,,,,,,,,,,,,,,,,,
S R-19008(0.50),Heart,,,,,,,,,,,,,,,5.2,1.0,,,,,21.1,6.12,0.48,230.23,3.6146109999999996,0.7229222,2.8916888
,,,,,,,,,,,,,,,,,,,,,,,,,,,,
S R-19008(1.00),Heart,,,,,,,,,,,,,,,6.5,1.0,,,,,21.1,7.67,0.97,243.27,3.819339,0.7638678,3.0554712
,,,,,,,,,,,,,,,,,,,,,,,,,,,,
S R-19008(1.50),Heart,,,,,,,,,,,,,,,7.5,1.0,,,,,21.1,8.76,1.39,255.52,4.011664,0.8023328,3.2093312
,,,,,,,,,,,,,,,,,,,,,,,,,,,,
S R-19008(2.00),Heart,,,,,,,,,,,,,,,8.0,1.0,,,,,21.1,9.33,1.69,265.69,4.171333,0.8342666,3.3370664
,,,,,,,,,,,,,,,,,,,,,,,,,,,,
S R-19009(0.50),Marquise,,,,,,,,,,,,,,,,,8 * 4,1.0,,,21.1,9.17,0.42,244.37,3.8366089999999997,0.7673217999999999,3.0692871999999998
,,,,,,,,,,,,,,,,,,,,,,,,,,,,
S R-19009(1.00),Marquise,,,,,,,,,,,,,,,,,10 * 5,1.0,,,21.1,11.38,0.7,263.63,4.138991,0.8277982,3.3111927999999997
,,,,,,,,,,,,,,,,,,,,,,,,,,,,
S R-19009(1.50),Marquise,,,,,,,,,,,,,,,,,12 * 6,1.0,,,21.1,13.52,1.41,292.56,4.593191999999999,0.9186383999999999,3.6745535999999994
,,,,,,,,,,,,,,,,,,,,,,,,,,,,
S R-19009(2.00),Marquise,,,,,,,,,,,,,,,,,13 * 6.5,1.0,,,21.1,14.65,1.79,316.44,4.968108,0.9936216,3.9744864
,,,,,,,,,,,,,,,,,,,,,,,,,,,,
S R-19010(0.50),Pear,,,,,,,,,,,,,,,,,,,6.5 * 4.5,1.0,21.1,7.13,0.43,237.92,3.7353439999999996,0.7470688,2.9882751999999995
,,,,,,,,,,,,,,,,,,,,,,,,,,,,
S R-19010(1.00),Pear,,,,,,,,,,,,,,,,,,,8.5 * 5.5,1.0,21.1,9.23,0.95,252.83,3.9694309999999997,0.7938862,3.1755448
,,,,,,,,,,,,,,,,,,,,,,,,,,,,
S R-19010(1.50),Pear,,,,,,,,,,,,,,,,,,,9.5 * 6.5,1.0,21.1,10.62,1.37,272.51,4.278407,0.8556813999999999,3.4227255999999997
,,,,,,,,,,,,,,,,,,,,,,,,,,,,
S R-19010(2.00),Pear,,,,,,,,,,,,,,,,,,,10 * 7,1.0,21.1,10.97,1.81,283.05,4.443885,0.888777,3.5551079999999997
,,,,,,,,,,,,,,,,,,,,,,,,,,,,
S R-19011(0.50),Round,4.5,1.0,,,,,,,,,,,,,,,,,,,21.15,4.6,0.48,196.93,3.091801,0.6183602,2.4734407999999997
,,1.25,20.0,,,,,,,,,,,,,,,,,,,,,,,,,
,,,,,,,,,,,,,,,,,,,,,,,,,,,,
S R-19011(1.00),Round,5.8,1.0,,,,,,,,,,,,,,,,,,,21.15,5.8,0.92,209.21,3.2845969999999998,0.6569194,2.6276775999999997
,,1.4,18.0,,,,,,,,,,,,,,,,,,,,,,,,,
,,,,,,,,,,,,,,,,,,,,,,,,,,,,
S R-19011(1.50),Round,7.0,1.0,,,,,,,,,,,,,,,,,,,21.15,7.0,1.47,224.87,3.5304589999999996,0.7060917999999999,2.8243671999999997
,,1.4,18.0,,,,,,,,,,,,,,,,,,,,,,,,,
,,,,,,,,,,,,,,,,,,,,,,,,,,,,
S R-19011(2.00),Round,7.5,1.0,,,,,,,,,,,,,,,,,,,21.15,7.82,1.93,238.84,3.7497879999999997,0.7499576,2.9998303999999996
,,1.4,18.0,,,,,,,,,,,,,,,,,,,,,,,,,
,,,,,,,,,,,,,,,,,,,,,,,,,,,,
S R-19012(0.50),Princess,1.25,20.0,3.75,1.0,,,,,,,,,,,,,,,,,21.15,4.09,0.48,196.5,3.08505,0.6170100000000001,2.46804
,,,,,,,,,,,,,,,,,,,,,,,,,,,,
S R-19012(1.00),Princess,1.4,27.0,5.0,1.0,,,,,,,,,,,,,,,,,21.15,5.19,1.06,217.86,3.4204019999999997,0.6840804,2.7363215999999997
,,,,,,,,,,,,,,,,,,,,,,,,,,,,
S R-19012(1.50),Princess,1.4,18.0,6.0,1.0,,,,,,,,,,,,,,,,,21.15,6.04,1.54,234.86,3.687302,0.7374604,2.9498416
,,,,,,,,,,,,,,,,,,,,,,,,,,,,
S R-19012(2.00),Princess,1.4,18.0,6.7,1.0,,,,,,,,,,,,,,,,,21.15,6.7,2.07,250.33,3.9301809999999997,0.7860362,3.1441448
,,,,,,,,,,,,,,,,,,,,,,,,,,,,
S R-19013(0.50),Cushion,1.25,20.0,,,4.0,1.0,,,,,,,,,,,,,,,21.15,4.2,0.48,194.02,3.0461139999999998,0.6092228,2.4368912
,,,,,,,,,,,,,,,,,,,,,,,,,,,,
S R-19013(1.00),Cushion,1.4,18.0,,,5.25,1.0,,,,,,,,,,,,,,,21.15,5.47,0.9,214.96,3.374872,0.6749744,2.6998976
,,,,,,,,,,,,,,,,,,,,,,,,,,,,
S R-19013(1.50),Cushion,1.4,18.0,,,6.0,1.0,,,,,,,,,,,,,,,21.15,6.07,1.31,223.68,3.511776,0.7023552,2.8094208
,,,,,,,,,,,,,,,,,,,,,,,,,,,,
S R-19013(2.00),Cushion,1.4,18.0,,,6.7,1.0,,,,,,,,,,,,,,,21.15,6.7,1.74,235.01,3.6896569999999995,0.7379313999999999,2.9517255999999996
,,,,,,,,,,,,,,,,,,,,,,,,,,,,
S R-19014(0.50),Oval,1.25,20.0,,,,,5.8 * 3.8,1.0,,,,,,,,,,,,,21.15,5.84,0.46,195.65,3.0717049999999997,0.614341,2.4573639999999997
,,,,,,,,,,,,,,,,,,,,,,,,,,,,
S R-19014(1.00),Oval,1.4,18.0,,,,,7 * 5,1.0,,,,,,,,,,,,,21.15,7.0,0.85,210.78,3.309246,0.6618492,2.6473968
,,,,,,,,,,,,,,,,,,,,,,,,,,,,
S R-19014(1.50),Oval,1.4,18.0,,,,,8 * 6,1.0,,,,,,,,,,,,,21.15,8.11,1.27,225.39,3.5386229999999994,0.7077245999999999,2.8308983999999997
,,,,,,,,,,,,,,,,,,,,,,,,,,,,
S R-19014(2.00),Oval,1.4,18.0,,,,,8.75 * 6.75,1.0,,,,,,,,,,,,,21.15,8.76,1.64,231.68,3.6373759999999997,0.7274752,2.9099008
,,,,,,,,,,,,,,,,,,,,,,,,,,,,
S R-19015(0.50),Emerald,1.25,20.0,,,,,,,5.3 * 3.3,1.0,,,,,,,,,,,21.15,5.49,0.48,196.05,3.077985,0.6155970000000001,2.462388
,,,,,,,,,,,,,,,,,,,,,,,,,,,,
S R-19015(1.00),Emerald,1.4,18.0,,,,,,,6.5 * 4.5,1.0,,,,,,,,,,,21.15,6.57,0.95,214.4,3.3660799999999997,0.673216,2.6928639999999997
,,,,,,,,,,,,,,,,,,,,,,,,,,,,
S R-19015(1.50),Emerald,1.4,18.0,,,,,,,7.3 * 5.3,1.0,,,,,,,,,,,21.15,7.36,1.31,228.89,3.5935729999999997,0.7187146,2.8748584
,,,,,,,,,,,,,,,,,,,,,,,,,,,,
S R-19015(2.00),Emerald,1.4,18.0,,,,,,,8 * 6,1.0,,,,,,,,,,,21.15,8.0,1.87,240.42,3.7745939999999996,0.7549188,3.0196751999999996
,,,,,,,,,,,,,,,,,,,,,,,,,,,,
S R-19016(0.50),Asscher,1.25,20.0,,,,,,,,,,,4.0,1.0,,,,,,,21.15,4.16,0.47,192.44,3.021308,0.6042616000000001,2.4170464
,,,,,,,,,,,,,,,,,,,,,,,,,,,,
S R-19016(1.00),Asscher,1.4,18.0,,,,,,,,,,,5.0,1.0,,,,,,,21.15,5.03,0.82,209.03,3.2817709999999995,0.6563542,2.6254167999999996
,,,,,,,,,,,,,,,,,,,,,,,,,,,,
S R-19016(1.50),Asscher,1.4,18.0,,,,,,,,,,,6.0,1.0,,,,,,,21.15,6.21,1.29,224.19,3.519783,0.7039566,2.8158263999999997
,,,,,,,,,,,,,,,,,,,,,,,,,,,,
S R-19016(2.00),Asscher,1.4,18.0,,,,,,,,,,,6.75,1.0,,,,,,,21.15,6.85,1.75,241.29,3.7882529999999996,0.7576506,3.0306024
,,,,,,,,,,,,,,,,,,,,,,,,,,,,
S R-19017(0.50),Radiant,1.25,20.0,,,,,,,,,4.5 * 3.5,1.0,,,,,,,,,21.15,4.63,0.5,194.0,3.0458,0.60916,2.4366399999999997
,,,,,,,,,,,,,,,,,,,,,,,,,,,,
S R-19017(1.00),Radiant,1.4,18.0,,,,,,,,,6.5 * 4.5,1.0,,,,,,,,,21.15,6.57,1.09,215.16,3.3780119999999996,0.6756023999999999,2.7024095999999997
,,,,,,,,,,,,,,,,,,,,,,,,,,,,
S R-19017(1.50),Radiant,1.4,18.0,,,,,,,,,7.3 * 5.5,1.0,,,,,,,,,21.15,7.3,1.7,227.0,3.5639,0.71278,2.85112
,,,,,,,,,,,,,,,,,,,,,,,,,,,,
S R-19017(2.00),Radiant,1.4,18.0,,,,,,,,,7.7 * 5.7,1.0,,,,,,,,,21.15,7.7,1.85,236.42,3.7117939999999994,0.7423587999999999,2.9694351999999995
,,,,,,,,,,,,,,,,,,,,,,,,,,,,
S R-19018(0.50),Heart,1.25,20.0,,,,,,,,,,,,,4.5,1.0,,,,,21.15,5.41,0.49,192.51,3.0224069999999994,0.6044814,2.4179255999999993
,,,,,,,,,,,,,,,,,,,,,,,,,,,,
S R-19018(1.00),Heart,1.4,18.0,,,,,,,,,,,,,6.0,1.0,,,,,21.15,7.06,0.95,213.98,3.3594859999999995,0.6718972,2.6875887999999994
,,,,,,,,,,,,,,,,,,,,,,,,,,,,
S R-19018(1.50),Heart,1.4,18.0,,,,,,,,,,,,,7.0,1.0,,,,,21.15,8.12,1.4,223.12,3.5029839999999997,0.7005968,2.8023871999999996
,,,,,,,,,,,,,,,,,,,,,,,,,,,,
S R-19018(2.00),Heart,1.4,18.0,,,,,,,,,,,,,7.75,1.0,,,,,21.15,9.08,1.72,235.33,3.694681,0.7389362,2.9557448
,,,,,,,,,,,,,,,,,,,,,,,,,,,,
S R-19019(0.50),Marquise,1.25,20.0,,,,,,,,,,,,,,,7 * 4,1.0,,,21.15,8.21,0.47,204.41,3.209237,0.6418474000000001,2.5673896
,,,,,,,,,,,,,,,,,,,,,,,,,,,,
S R-19019(1.00),Marquise,1.4,18.0,,,,,,,,,,,,,,,9 * 4.5,1.0,,,21.15,10.3,0.78,228.23,3.5832109999999995,0.7166421999999999,2.8665687999999996
,,,,,,,,,,,,,,,,,,,,,,,,,,,,
S R-19019(1.50),Marquise,1.4,18.0,,,,,,,,,,,,,,,11 * 5.5,1.0,,,21.15,12.53,1.27,255.21,4.006797,0.8013593999999999,3.2054375999999998
,,,,,,,,,,,,,,,,,,,,,,,,,,,,
S R-19019(2.00),Marquise,1.4,18.0,,,,,,,,,,,,,,,12.5 * 6.25,1.0,,,21.15,14.11,1.71,279.51,4.388306999999999,0.8776613999999999,3.5106455999999993
,,,,,,,,,,,,,,,,,,,,,,,,,,,,
S R-19020(0.50),Pear,1.25,20.0,,,,,,,,,,,,,,,,,5.8 * 3.8,1.0,21.15,6.43,0.46,197.15,3.095255,0.619051,2.476204
,,,,,,,,,,,,,,,,,,,,,,,,,,,,
S R-19020(1.00),Pear,1.4,18.0,,,,,,,,,,,,,,,,,7.5 * 5,1.0,21.15,8.25,0.88,218.95,3.4375149999999994,0.687503,2.7500119999999995
,,,,,,,,,,,,,,,,,,,,,,,,,,,,
S R-19020(1.50),Pear,1.4,18.0,,,,,,,,,,,,,,,,,9 * 6,1.0,21.15,9.86,1.38,234.07,3.6748989999999995,0.7349798,2.9399191999999994
,,,,,,,,,,,,,,,,,,,,,,,,,,,,
S R-19020(2.00),Pear,1.4,18.0,,,,,,,,,,,,,,,,,9.5 * 6.5,1.0,21.15,10.57,1.56,243.9,3.82923,0.765846,3.063384
,,,,,,,,,,,,,,,,,,,,,,,,,,,,
S R-19021(0.50),Round,4.6,1.0,,,,,,,,,,,,,,,,,,,21.1,8.39,0.48,289.01,4.537457,0.9074914000000001,3.6299656
,,1.3,14.0,,,,,,,,,,,,,,,,,,,,,,,,,
,,,,,,,,,,,,,,,,,,,,,,,,,,,,
S R-19021(1.00),Round,6.0,1.0,,,,,,,,,,,,,,,,,,,21.1,9.56,0.96,307.87,4.833558999999999,0.9667117999999999,3.8668471999999996
,,1.39,16.0,,,,,,,,,,,,,,,,,,,,,,,,,
,,,,,,,,,,,,,,,,,,,,,,,,,,,,
S R-19021(1.50),Round,6.8,1.0,,,,,,,,,,,,,,,,,,,21.1,10.84,1.42,391.23,6.142310999999999,1.2284622,4.913848799999999
,,1.6,16.0,,,,,,,,,,,,,,,,,,,,,,,,,
,,,,,,,,,,,,,,,,,,,,,,,,,,,,
S R-19021(2.00),Round,7.5,1.0,,,,,,,,,,,,,,,,,,,21.1,11.8,1.91,441.14,6.925897999999999,1.3851795999999998,5.540718399999999
,,1.75,16.0,,,,,,,,,,,,,,,,,,,,,,,,,
,,,,,,,,,,,,,,,,,,,,,,,,,,,,
S R-19022(0.50),Princess,1.25,16.0,3.75,1.0,,,,,,,,,,,,,,,,,21.1,7.32,0.45,274.55,4.310435,0.862087,3.448348
,,,,,,,,,,,,,,,,,,,,,,,,,,,,
S R-19022(1.00),Princess,1.5,16.0,4.8,1.0,,,,,,,,,,,,,,,,,21.1,8.44,0.92,307.92,4.834344,0.9668688,3.8674752
,,,,,,,,,,,,,,,,,,,,,,,,,,,,
S R-19022(1.50),Princess,1.4,20.0,6.0,1.0,,,,,,,,,,,,,,,,,21.1,9.9,1.56,370.72,5.820304,1.1640608000000001,4.6562432000000005
,,,,,,,,,,,,,,,,,,,,,,,,,,,,
S R-19022(2.00),Princess,1.5,20.0,6.6,1.0,,,,,,,,,,,,,,,,,21.1,10.64,2.03,406.51,6.382206999999999,1.2764414,5.1057656
,,,,,,,,,,,,,,,,,,,,,,,,,,,,
S R-19023(0.50),Cushion,1.4,12.0,,,4.0,1.0,,,,,,,,,,,,,,,21.1,7.81,0.45,278.57,4.373549,0.8747098,3.4988392
,,,,,,,,,,,,,,,,,,,,,,,,,,,,
S R-19023(1.00),Cushion,1.4,16.0,,,5.3,1.0,,,,,,,,,,,,,,,21.1,8.85,0.96,304.34,4.778137999999999,0.9556275999999999,3.8225103999999996
,,,,,,,,,,,,,,,,,,,,,,,,,,,,
S R-19023(1.50),Cushion,1.5,16.0,,,6.0,1.0,,,,,,,,,,,,,,,21.1,9.62,1.32,338.08,5.307855999999999,1.0615712,4.2462848
,,,,,,,,,,,,,,,,,,,,,,,,,,,,
S R-19023(2.00),Cushion,1.7,16.0,,,6.7,1.0,,,,,,,,,,,,,,,21.1,10.99,1.81,,,,
,,,,,,,,,,,,,,,,,,,,,,,,,,,,
S R-19024(0.50),Oval,1.3,14.0,,,,,5.8 * 3.8,1.0,,,,,,,,,,,,,21.1,9.34,0.43,277.4,4.355179999999999,0.8710359999999998,3.4841439999999992
,,,,,,,,,,,,,,,,,,,,,,,,,,,,
S R-19024(1.00),Oval,1.4,16.0,,,,,7 * 5,1.0,,,,,,,,,,,,,21.1,10.72,0.83,306.42,4.810794,0.9621588,3.8486351999999995
,,,,,,,,,,,,,,,,,,,,,,,,,,,,
S R-19024(1.50),Oval,1.6,16.0,,,,,8 * 6,1.0,,,,,,,,,,,,,21.1,12.2,1.34,350.22,5.498454,1.0996908,4.398763199999999
,,,,,,,,,,,,,,,,,,,,,,,,,,,,
S R-19024(2.00),Oval,1.75,16.0,,,,,8.7 * 6.7,1.0,,,,,,,,,,,,,21.1,13.13,1.76,376.8,5.91576,1.183152,4.732608
,,,,,,,,,,,,,,,,,,,,,,,,,,,,
S R-19025(0.50),Emerald,1.2,18.0,,,,,,,5.3 * 3.5,1.0,,,,,,,,,,,21.1,9.1,0.47,272.15,4.272754999999999,0.8545509999999998,3.4182039999999994
,,,,,,,,,,,,,,,,,,,,,,,,,,,,
S R-19025(1.00),Emerald,1.35,18.0,,,,,,,6.5 * 4.5,1.0,,,,,,,,,,,21.1,10.51,0.94,306.85,4.817545,0.9635090000000001,3.854036
,,,,,,,,,,,,,,,,,,,,,,,,,,,,
S R-19025(1.50),Emerald,1.5,18.0,,,,,,,7.3 * 5.3,1.0,,,,,,,,,,,21.1,11.73,1.34,336.7,5.2861899999999995,1.057238,4.228952
,,,,,,,,,,,,,,,,,,,,,,,,,,,,
S R-19025(2.00),Emerald,1.6,18.0,,,,,,,7.7 * 5.7,1.0,,,,,,,,,,,21.1,12.59,1.69,380.44,5.972907999999999,1.1945816,4.778326399999999
,,,,,,,,,,,,,,,,,,,,,,,,,,,,
S R-19026(0.50),Asscher,1.2,16.0,,,,,,,,,,,4.0,1.0,,,,,,,21.1,7.76,0.44,277.98,4.364286,0.8728572,3.4914288
,,,,,,,,,,,,,,,,,,,,,,,,,,,,
S R-19026(1.00),Asscher,1.45,16.0,,,,,,,,,,,5.2,1.0,,,,,,,21.1,9.39,0.87,321.79,5.052103,1.0104206,4.0416824
,,,,,,,,,,,,,,,,,,,,,,,,,,,,
S R-19026(1.50),Asscher,1.6,16.0,,,,,,,,,,,6.0,1.0,,,,,,,21.1,10.27,1.35,360.14,5.654197999999999,1.1308395999999998,4.523358399999999
,,,,,,,,,,,,,,,,,,,,,,,,,,,,
S R-19026(2.00),Asscher,1.75,16.0,,,,,,,,,,,6.7,1.0,,,,,,,21.1,11.12,1.8,396.41,6.223637,1.2447274000000002,4.9789096
,,,,,,,,,,,,,,,,,,,,,,,,,,,,
S R-19027(0.50),Radiant,1.25,16.0,,,,,,,,,5 * 3,1.0,,,,,,,,,21.1,8.9,0.42,266.94,4.190957999999999,0.8381915999999999,3.3527663999999993
,,,,,,,,,,,,,,,,,,,,,,,,,,,,
S R-19027(1.00),Radiant,1.3,20.0,,,,,,,,,6.5 * 4.5,1.0,,,,,,,,,21.1,10.56,1.07,319.63,5.018191,1.0036382,4.0145528
,,,,,,,,,,,,,,,,,,,,,,,,,,,,
S R-19027(1.50),Radiant,1.4,20.0,,,,,,,,,7.3 * 5,1.0,,,,,,,,,21.1,11.76,1.46,349.2,5.4824399999999995,1.096488,4.385952
,,,,,,,,,,,,,,,,,,,,,,,,,,,,
S R-19027(2.00),Radiant,1.5,20.0,,,,,,,,,7.8 * 5.5,1.0,,,,,,,,,21.1,12.5,1.88,368.64,5.787647999999999,1.1575296,4.630118399999999
,,,,,,,,,,,,,,,,,,,,,,,,,,,,
S R-19028(0.50),Heart,1.4,13.0,,,,,,,,,,,,,4.5,1.0,,,,,21.1,9.08,0.48,270.88,4.252815999999999,0.8505631999999999,3.4022527999999994
,,1.3,1.0,,,,,,,,,,,,,,,,,,,,,,,,,
,,,,,,,,,,,,,,,,,,,,,,,,,,,,
S R-19028(1.00),Heart,1.6,13.0,,,,,,,,,,,,,6.0,1.0,,,,,21.1,10.56,0.98,300.62,4.719734,0.9439468,3.7757872
,,1.5,1.0,,,,,,,,,,,,,,,,,,,,,,,,,
,,,,,,,,,,,,,,,,,,,,,,,,,,,,
S R-19028(1.50),Heart,1.5,17.0,,,,,,,,,,,,,7.0,1.0,,,,,21.1,11.69,1.44,333.42,5.234694,1.0469388000000002,4.1877552
,,1.4,1.0,,,,,,,,,,,,,,,,,,,,,,,,,
,,,,,,,,,,,,,,,,,,,,,,,,,,,,
S R-19028(2.00),Heart,1.6,17.0,,,,,,,,,,,,,7.5,1.0,,,,,21.1,12.57,1.67,368.18,5.780425999999999,1.1560852,4.6243408
,,1.5,1.0,,,,,,,,,,,,,,,,,,,,,,,,,
,,,,,,,,,,,,,,,,,,,,,,,,,,,,
S R-19029(0.50),Marquise,1.3,16.0,,,,,,,,,,,,,,,7.5 * 3.5,1.0,,,21.1,11.55,0.43,282.15,4.429754999999999,0.8859509999999999,3.5438039999999993
,,,,,,,,,,,,,,,,,,,,,,,,,,,,
S R-19029(1.00),Marquise,1.4,18.0,,,,,,,,,,,,,,,9 * 4.5,1.0,,,21.1,13.72,0.78,317.76,4.9888319999999995,0.9977663999999999,3.9910655999999998
,,,,,,,,,,,,,,,,,,,,,,,,,,,,
S R-19029(1.50),Marquise,1.6,18.0,,,,,,,,,,,,,,,10.5 * 5.25,1.0,,,21.1,15.45,1.22,363.57,5.708048999999999,1.1416098,4.5664392
,,,,,,,,,,,,,,,,,,,,,,,,,,,,
S R-19029(2.00),Marquise,1.75,18.0,,,,,,,,,,,,,,,12 * 6,1.0,,,21.1,17.84,1.77,425.67,6.683019,1.3366038,5.3464152
,,,,,,,,,,,,,,,,,,,,,,,,,,,,
S R-19030(0.50),Pear,1.3,14.0,,,,,,,,,,,,,,,,,5.5 * 3.5,1.0,21.1,9.81,0.36,261.89,4.111673,0.8223346,3.2893383999999997
,,,,,,,,,,,,,,,,,,,,,,,,,,,,
S R-19030(1.00),Pear,1.5,16.0,,,,,,,,,,,,,,,,,7 * 5,1.0,21.1,12.02,0.85,308.8,4.84816,0.969632,3.878528
,,,,,,,,,,,,,,,,,,,,,,,,,,,,
S R-19030(1.50),Pear,1.6,16.0,,,,,,,,,,,,,,,,,8 * 6,1.0,21.1,13.24,1.13,348.78,5.475845999999999,1.0951691999999997,4.380676799999999
,,,,,,,,,,,,,,,,,,,,,,,,,,,,
S R-19030(2.00),Pear,1.7,16.0,,,,,,,,,,,,,,,,,8.6 * 6.6,1.0,21.1,14.08,1.45,382.33,6.002580999999999,1.2005162,4.802064799999999
,,,,,,,,,,,,,,,,,,,,,,,,,,,,
S R-19031(0.50),Round,4.1,1.0,,,,,,,,,,,,,,,,,,,21.15,7.59,0.48,261.85,4.111045,0.822209,3.288836
,,1.3,16.0,,,,,,,,,,,,,,,,,,,,,,,,,
,,1.2,14.0,,,,,,,,,,,,,,,,,,,,,,,,,
,,,,,,,,,,,,,,,,,,,,,,,,,,,,
S R-19031(1.00),Round,5.6,1.0,,,,,,,,,,,,,,,,,,,21.15,8.97,0.92,280.47,4.403379,0.8806758000000001,3.5227032
,,1.3,32.0,,,,,,,,,,,,,,,,,,,,,,,,,
,,,,,,,,,,,,,,,,,,,,,,,,,,,,
S R-19031(1.50),Round,6.6,1.0,,,,,,,,,,,,,,,,,,,21.15,10.75,1.46,359.72,5.647604,1.1295208,4.5180832
,,1.6,16.0,,,,,,,,,,,,,,,,,,,,,,,,,
,,1.3,16.0,,,,,,,,,,,,,,,,,,,,,,,,,
,,,,,,,,,,,,,,,,,,,,,,,,,,,,
S R-19031(2.00),Round,7.2,1.0,,,,,,,,,,,,,,,,,,,21.15,11.51,1.83,398.19,6.251582999999999,1.2503166,5.0012664
,,1.7,16.0,,,,,,,,,,,,,,,,,,,,,,,,,
,,1.3,16.0,,,,,,,,,,,,,,,,,,,,,,,,,
,,,,,,,,,,,,,,,,,,,,,,,,,,,,
S R-19032(0.50),Princess,1.2,16.0,3.5,1.0,,,,,,,,,,,,,,,,,21.15,7.02,0.5,255.44,4.010408,0.8020816000000001,3.2083264
,,1.3,16.0,,,,,,,,,,,,,,,,,,,,,,,,,
,,,,,,,,,,,,,,,,,,,,,,,,,,,,
S R-19032(1.00),Princess,1.4,16.0,4.6,1.0,,,,,,,,,,,,,,,,,21.15,8.13,0.89,284.4,4.4650799999999995,0.8930159999999999,3.5720639999999997
,,1.3,16.0,,,,,,,,,,,,,,,,,,,,,,,,,
,,,,,,,,,,,,,,,,,,,,,,,,,,,,
S R-19032(1.50),Princess,1.35,20.0,5.7,1.0,,,,,,,,,,,,,,,,,21.15,9.51,1.44,329.98,5.180686,1.0361372,4.1445488
,,1.3,16.0,,,,,,,,,,,,,,,,,,,,,,,,,
,,,,,,,,,,,,,,,,,,,,,,,,,,,,
S R-19032(2.00),Princess,1.5,20.0,6.4,1.0,,,,,,,,,,,,,,,,,21.15,10.29,1.92,361.79,5.680103,1.1360206,4.5440824
,,1.3,16.0,,,,,,,,,,,,,,,,,,,,,,,,,
,,,,,,,,,,,,,,,,,,,,,,,,,,,,
S R-19033(0.50),Cushion,1.35,12.0,,,3.5,1.0,,,,,,,,,,,,,,,21.15,7.39,0.46,255.52,4.011664,0.8023328,3.2093312
,,1.3,16.0,,,,,,,,,,,,,,,,,,,,,,,,,
,,,,,,,,,,,,,,,,,,,,,,,,,,,,
S R-19033(1.00),Cushion,1.3,32.0,,,5.0,1.0,,,,,,,,,,,,,,,21.15,8.41,0.91,279.09,4.3817129999999995,0.8763426,3.5053703999999994
,,,,,,,,,,,,,,,,,,,,,,,,,,,,
S R-19033(1.50),Cushion,1.4,16.0,,,6.0,1.0,,,,,,,,,,,,,,,21.15,9.23,1.42,310.51,4.875006999999999,0.9750013999999999,3.900005599999999
,,1.3,16.0,,,,,,,,,,,,,,,,,,,,,,,,,
,,,,,,,,,,,,,,,,,,,,,,,,,,,,
S R-19033(2.00),Cushion,1.6,16.0,,,6.5,1.0,,,,,,,,,,,,,,,21.15,10.66,1.76,346.32,5.437224,1.0874447999999999,4.3497791999999995
,,1.3,16.0,,,,,,,,,,,,,,,,,,,,,,,,,
,,,,,,,,,,,,,,,,,,,,,,,,,,,,
S R-19034(0.50),Oval,1.3,16.0,,,,,5.5 * 3.5,1.0,,,,,,,,,,,,,21.15,9.05,0.48,259.77,4.078389,0.8156778,3.2627111999999996
,,1.25,14.0,,,,,,,,,,,,,,,,,,,,,,,,,
,,,,,,,,,,,,,,,,,,,,,,,,,,,,
S R-19034(1.00),Oval,1.35,16.0,,,,,7 * 5,1.0,,,,,,,,,,,,,21.15,10.55,0.94,294.33,4.620981,0.9241961999999999,3.6967847999999996
,,1.3,16.0,,,,,,,,,,,,,,,,,,,,,,,,,
,,,,,,,,,,,,,,,,,,,,,,,,,,,,
S R-19034(1.50),Oval,1.55,16.0,,,,,7.7 * 5.7,1.0,,,,,,,,,,,,,21.15,11.91,1.26,315.82,4.958373999999999,0.9916747999999999,3.9666991999999994
,,1.3,16.0,,,,,,,,,,,,,,,,,,,,,,,,,
,,,,,,,,,,,,,,,,,,,,,,,,,,,,
S R-19034(2.00),Oval,1.7,16.0,,,,,8.5 * 6.5,1.0,,,,,,,,,,,,,21.15,12.81,1.79,344.27,5.4050389999999995,1.0810077999999999,4.324031199999999
,,1.3,16.0,,,,,,,,,,,,,,,,,,,,,,,,,
,,,,,,,,,,,,,,,,,,,,,,,,,,,,
S R-19035(0.50),Emerald,1.3,16.0,,,,,,,5 * 3,1.0,,,,,,,,,,,21.15,9.22,0.51,259.96,4.081371999999999,0.8162743999999998,3.2650975999999994
,,1.2,18.0,,,,,,,,,,,,,,,,,,,,,,,,,
,,,,,,,,,,,,,,,,,,,,,,,,,,,,
S R-19035(1.00),Emerald,1.3,34.0,,,,,,,6.3 * 4.30,1.0,,,,,,,,,,,21.15,10.2,0.91,290.84,4.5661879999999995,0.9132376,3.6529503999999995
,,,,,,,,,,,,,,,,,,,,,,,,,,,,
S R-19035(1.50),Emerald,1.5,18.0,,,,,,,7 * 5,1.0,,,,,,,,,,,21.15,11.61,1.38,317.36,4.982552,0.9965104,3.9860416
,,1.3,16.0,,,,,,,,,,,,,,,,,,,,,,,,,
,,,,,,,,,,,,,,,,,,,,,,,,,,,,
S R-19035(2.00),Emerald,1.55,18.0,,,,,,,7.5 * 5.5,1.0,,,,,,,,,,,21.15,12.19,1.71,337.74,5.302518,1.0605036,4.2420144
,,1.3,16.0,,,,,,,,,,,,,,,,,,,,,,,,,
,,,,,,,,,,,,,,,,,,,,,,,,,,,,
S R-19036(0.50),Asscher,1.3,16.0,,,,,,,,,,,3.8,1.0,,,,,,,21.15,7.46,0.48,263.06,4.1300419999999995,0.8260084,3.3040335999999995
,,1.15,16.0,,,,,,,,,,,,,,,,,,,,,,,,,
,,,,,,,,,,,,,,,,,,,,,,,,,,,,
S R-19036(1.00),Asscher,1.4,16.0,,,,,,,,,,,5.0,1.0,,,,,,,21.15,9.05,0.93,303.38,4.763065999999999,0.9526131999999999,3.8104527999999993
,,1.3,16.0,,,,,,,,,,,,,,,,,,,,,,,,,
,,,,,,,,,,,,,,,,,,,,,,,,,,,,
S R-19036(1.50),Asscher,1.55,16.0,,,,,,,,,,,5.8,1.0,,,,,,,21.15,9.86,1.38,326.83,5.131231,1.0262461999999999,4.1049847999999995
,,1.3,16.0,,,,,,,,,,,,,,,,,,,,,,,,,
,,,,,,,,,,,,,,,,,,,,,,,,,,,,
S R-19036(2.00),Asscher,1.7,16.0,,,,,,,,,,,6.5,1.0,,,,,,,21.15,10.86,1.83,368.46,5.784821999999999,1.1569644,4.6278576
,,1.3,16.0,,,,,,,,,,,,,,,,,,,,,,,,,
,,,,,,,,,,,,,,,,,,,,,,,,,,,,
S R-19037(0.50),Radiant,1.3,16.0,,,,,,,,,5 * 3,1.0,,,,,,,,,21.15,8.65,0.55,254.09,3.989213,0.7978426000000001,3.1913704
,,1.2,16.0,,,,,,,,,,,,,,,,,,,,,,,,,
,,,,,,,,,,,,,,,,,,,,,,,,,,,,
S R-19037(1.00),Radiant,1.3,16.0,,,,,,,,,6.5 * 4.5,1.0,,,,,,,,,21.15,10.32,1.18,304.59,4.782062999999999,0.9564125999999998,3.8256503999999993
,,1.25,20.0,,,,,,,,,,,,,,,,,,,,,,,,,
,,,,,,,,,,,,,,,,,,,,,,,,,,,,
S R-19037(1.50),Radiant,1.3,36.0,,,,,,,,,7 * 5,1.0,,,,,,,,,21.15,11.04,1.5,323.43,5.077851,1.0155702,4.0622808
,,,,,,,,,,,,,,,,,,,,,,,,,,,,
S R-19037(2.00),Radiant,1.4,20.0,,,,,,,,,7.5 * 5.5,1.0,,,,,,,,,21.15,11.85,1.9,342.38,5.375366,1.0750732,4.300292799999999
,,1.3,16.0,,,,,,,,,,,,,,,,,,,,,,,,,
,,,,,,,,,,,,,,,,,,,,,,,,,,,,
S R-19038(0.50),Heart,1.3,29.0,,,,,,,,,,,,,4.25,1.0,,,,,21.15,8.49,0.52,252.52,3.9645639999999998,0.7929128,3.1716512
,,1.2,1.0,,,,,,,,,,,,,,,,,,,,,,,,,
,,,,,,,,,,,,,,,,,,,,,,,,,,,,
S R-19038(1.00),Heart,1.6,13.0,,,,,,,,,,,,,5.5,1.0,,,,,21.15,10.28,0.93,282.23,4.431011,0.8862022,3.5448087999999998
,,1.5,1.0,,,,,,,,,,,,,,,,,,,,,,,,,
,,1.3,16.0,,,,,,,,,,,,,,,,,,,,,,,,,
,,,,,,,,,,,,,,,,,,,,,,,,,,,,
S R-19038(1.50),Heart,1.4,17.0,,,,,,,,,,,,,6.75,1.0,,,,,21.15,11.24,1.4,310.93,4.881601,0.9763202,3.9052808
,,1.3,17.0,,,,,,,,,,,,,,,,,,,,,,,,,
,,,,,,,,,,,,,,,,,,,,,,,,,,,,
S R-19038(2.00),Heart,1.5,17.0,,,,,,,,,,,,,7.5,1.0,,,,,21.15,12.03,1.75,336.32,5.280224,1.0560448,4.2241792
,,1.4,1.0,,,,,,,,,,,,,,,,,,,,,,,,,
,,1.3,16.0,,,,,,,,,,,,,,,,,,,,,,,,,
,,,,,,,,,,,,,,,,,,,,,,,,,,,,
S R-19039(0.50),Marquise,1.3,16.0,,,,,,,,,,,,,,,6.5 * 3.25,1.0,,,21.15,11.11,0.46,264.82,4.157673999999999,0.8315347999999999,3.326139199999999
,,1.25,16.0,,,,,,,,,,,,,,,,,,,,,,,,,
,,,,,,,,,,,,,,,,,,,,,,,,,,,,
S R-19039(1.00),Marquise,1.3,34.0,,,,,,,,,,,,,,,8.75 * 4.25,1.0,,,21.15,13.32,0.76,292.12,4.586284,0.9172568000000001,3.6690272
,,,,,,,,,,,,,,,,,,,,,,,,,,,,
S R-19039(1.50),Marquise,1.5,18.0,,,,,,,,,,,,,,,10 * 5,1.0,,,21.15,15.04,1.17,324.44,5.0937079999999995,1.0187416,4.074966399999999
,,1.3,16.0,,,,,,,,,,,,,,,,,,,,,,,,,
,,,,,,,,,,,,,,,,,,,,,,,,,,,,
S R-19039(2.00),Marquise,1.7,18.0,,,,,,,,,,,,,,,11.5 * 6,1.0,,,21.15,17.3,1.7,374.56,5.880591999999999,1.1761183999999998,4.704473599999999
,,1.3,16.0,,,,,,,,,,,,,,,,,,,,,,,,,
,,,,,,,,,,,,,,,,,,,,,,,,,,,,
S R-19040(0.50),Pear,1.3,16.0,,,,,,,,,,,,,,,,,5 * 3,1.0,21.15,9.45,0.4,244.95,3.8457149999999993,0.7691429999999999,3.0765719999999996
,,1.25,14.0,,,,,,,,,,,,,,,,,,,,,,,,,
,,,,,,,,,,,,,,,,,,,,6.75 * 4.75,1.0,,,,,,,
S R-19040(1.00),Pear,1.3,32.0,,,,,,,,,,,,,,,,,,,21.15,10.77,0.86,278.54,4.373078,0.8746155999999999,3.4984623999999998
,,,,,,,,,,,,,,,,,,,,,,,,,,,,
S R-19040(1.50),Pear,1.5,16.0,,,,,,,,,,,,,,,,,7.7 * 5.7,1.0,21.15,12.61,1.14,312.08,4.899655999999999,0.9799311999999999,3.9197247999999996
,,1.3,16.0,,,,,,,,,,,,,,,,,,,,,,,,,
,,,,,,,,,,,,,,,,,,,,,,,,,,,,
S R-19040(2.00),Pear,1.65,16.0,,,,,,,,,,,,,,,,,8.25 * 6.25,1.0,21.15,13.73,1.44,349.6,5.48872,1.097744,4.390976
,,1.3,16.0,,,,,,,,,,,,,,,,,,,,,,,,,
